{
    "inflation": ["inflation", "economic policy", "monetary policy"],
    "healthcare": ["healthcare", "public health", "medical care"],
    "climate": ["climate", "environment", "global warming"],
    "jobs_economy": ["jobs", "economy", "employment"],
    "immigration": ["immigration", "border control", "migrant"],
    "taxes": ["taxes", "tax policy", "taxation"],
    "government_spending": ["government spending", "budget", "fiscal policy"],
    "abortion": ["abortion", "reproductive rights", "pro-life"],
    "civil_rights": ["civil rights", "equality", "discrimination"],
    "guns": ["guns", "firearms", "gun control"],
    "national_security": ["national security", "defense", "military"],
    "education": ["education", "schools", "learning"],
    "crime": ["crime", "criminal justice", "law enforcement"],
    "civil_liberties": ["civil liberties", "freedom", "individual rights"],
    "foreign_policy": ["foreign policy", "international relations", "diplomacy"],
    "criminal_justice_reform": ["criminal justice reform", "justice system", "prison reform"],
    "democrat": ["democrat", "democratic party", "liberal"],
    "gop": ["gop", "republican party", "conservative"],
    "republican": ["republican", "conservative", "right-wing"],
    "socialism": ["socialism", "socialist", "left-wing"],
    "war": ["war", "conflict", "military intervention"],
    "police": ["police", "law enforcement", "policing"]
}
